{
	"status": 0,
	"message": "成功",
	"productList": [{
		"productId": "10470591",
		"price": 128,
		"hostAvatarUrl": null,
		"title": "【帅孩子家】Loft民宿 巨幕投影 智能家电",
		"rentType": 0,
		"layoutRoom": 1,
		"maxGuestNumber": 3,
		"locationArea": "南区",
		"starRating": 50,
		"commentNumber": 13,
		"coverImage": "https://img.meituan.net/phoenix/49e6cc0596eaa93bfa6da573a4a5edb1323577.jpg",
		"favCount": 141,
		"poiId": "622654469",
		"dpPoiId": "622654469"
	}, {
		"productId": "11793117",
		"price": 158,
		"hostAvatarUrl": null,
		"title": "金翡丽天玺公馆优选公寓 大床房/呼和浩特核心商业区中山路/繁华与安静随即切换",
		"rentType": 0,
		"layoutRoom": 1,
		"maxGuestNumber": 3,
		"locationArea": "新华广场/呼和浩特站",
		"starRating": 50,
		"commentNumber": 6,
		"coverImage": "https://img.meituan.net/phoenix/7fea8afb962278e0e28e54612f035ee43137605.jpg",
		"favCount": 59,
		"poiId": "1086151638",
		"dpPoiId": "1086151638"
	}, {
		"productId": "5423729",
		"price": 240,
		"hostAvatarUrl": null,
		"title": "「大喜·不空欢喜」跃层loft 万达/摩尔城/博物院/美术馆 100寸私人影院 交通便利",
		"rentType": 0,
		"layoutRoom": 1,
		"maxGuestNumber": 2,
		"locationArea": "巨海城",
		"starRating": 49,
		"commentNumber": 40,
		"coverImage": "https://img.meituan.net/phoenix/fd34261d0ee6ef014fa969c357dc979a958929.jpg",
		"favCount": 612,
		"poiId": "193698193",
		"dpPoiId": "130730618"
	}, {
		"productId": "7123309",
		"price": 168,
		"hostAvatarUrl": null,
		"title": "[舒馨民宿]摩尔城长乐宫万达广场浪漫大床房",
		"rentType": 0,
		"layoutRoom": 1,
		"maxGuestNumber": 3,
		"locationArea": "长乐宫万达",
		"starRating": 50,
		"commentNumber": 44,
		"coverImage": "https://img.meituan.net/phoenix/d6c8e8d9adf9a95d63c21ff5a8e128a7343176.jpg",
		"favCount": 1029,
		"poiId": "1555473629",
		"dpPoiId": "1555473629"
	}, {
		"productId": "9319075",
		"price": 168,
		"hostAvatarUrl": null,
		"title": "小半•民宿生活",
		"rentType": 0,
		"layoutRoom": 2,
		"maxGuestNumber": 3,
		"locationArea": "南区",
		"starRating": 50,
		"commentNumber": 27,
		"coverImage": "https://img.meituan.net/phoenix/5805c7e504b4ae273a66cc17ea405578765753.jpg",
		"favCount": 412,
		"poiId": "845578707",
		"dpPoiId": "845578707"
	}, {
		"productId": "11102272",
		"price": 158,
		"hostAvatarUrl": null,
		"title": "紧邻地铁一号线～现代化loft",
		"rentType": 0,
		"layoutRoom": 1,
		"maxGuestNumber": 2,
		"locationArea": "新华广场/呼和浩特站",
		"starRating": 50,
		"commentNumber": 1,
		"coverImage": "https://img.meituan.net/phoenix/7a8572d60aedb6bb54959c0aefacd2cb212473.jpg",
		"favCount": 26,
		"poiId": "1014298311",
		"dpPoiId": "1014298311"
	}]
}