{
	"data": {
		"coming": [],
		"hot": [{
			"bingeWatch": 0,
			"boxInfo": "上映16天，累计票房225164万",
			"cat": "剧情,战争,历史",
			"civilPubSt": 0,
			"desc": "主演:王千源,张译,姜武",
			"dir": "管虎",
			"dur": 147,
			"effectShowNum": 0,
			"followst": 0,
			"fra": "美国,澳大利亚,新西兰",
			"frt": "2020-08-28,2020-08-28,2020-08-28",
			"globalReleased": true,
			"haspromotionTag": false,
			"headLineShow": false,
			"headLines": [],
			"headLinesVO": [],
			"id": 346210,
			"img": "http://p1.meituan.net/w.h/moviemachine/a448ca6a5f4dafb88067722303ca0cfd96002.jpg",
			"late": false,
			"localPubSt": 0,
			"mark": false,
			"mk": 9.2,
			"movieType": 0,
			"newsHeadlines": [],
			"nm": "八佰",
			"pn": 279,
			"preSale": 0,
			"preShow": false,
			"proScore": 0,
			"proScoreNum": 1,
			"pubDate": 1597939200000,
			"pubShowNum": 0,
			"recentShowDate": 1599235200000,
			"recentShowNum": 0,
			"revival": false,
			"rt": "2020-08-21",
			"sc": 9.2,
			"scm": "400人孤军抗战30万日军4天4夜",
			"scoreLabel": "猫眼购票评分",
			"showCinemaNum": 1,
			"showInfo": "今天1家影院放映7场",
			"showNum": 7,
			"showTimeInfo": "2020-08-21上映",
			"showst": 3,
			"snum": 1014359,
			"star": "王千源,张译,姜武",
			"totalShowNum": 13,
			"ver": "2D/IMAX 2D/中国巨幕2D/CINITY 2D/杜比影院 2D",
			"videoId": 397500,
			"videoName": "《八佰》曝“战火·少年”版预告，少年热血与泪在战场上蜕变成长",
			"videourl": "https://vod.pipi.cn/fec9203cvodtransbj1251246104/f51e28bb5285890807189594293/v.f42906.mp4",
			"vnum": 36,
			"vodPlay": false,
			"weight": 1,
			"wish": 518898,
			"wishst": 0
		}, {
			"bingeWatch": 0,
			"boxInfo": "上映12天，累计票房46419万",
			"cat": "爱情,奇幻,喜剧",
			"civilPubSt": 0,
			"desc": "主演:李鸿其,李一桐,范伟",
			"dir": "姚婷婷",
			"dur": 115,
			"effectShowNum": 0,
			"followst": 0,
			"globalReleased": true,
			"haspromotionTag": false,
			"headLineShow": false,
			"id": 489894,
			"img": "http://p0.meituan.net/w.h/moviemachine/7e6118993dbf0f304ac1dad4667fddda207318.jpg",
			"late": false,
			"localPubSt": 0,
			"mark": false,
			"mk": 7.8,
			"movieType": 0,
			"nm": "我在时间尽头等你",
			"pn": 160,
			"preSale": 0,
			"preShow": false,
			"proScore": 0,
			"proScoreNum": 0,
			"pubDate": 1598284800000,
			"pubShowNum": 0,
			"recentShowDate": 1599235200000,
			"recentShowNum": 0,
			"revival": false,
			"rt": "2020-08-25",
			"sc": 7.8,
			"scm": "只有在一起，时间才有意义",
			"scoreLabel": "猫眼购票评分",
			"showCinemaNum": 1,
			"showInfo": "今天1家影院放映3场",
			"showNum": 3,
			"showTimeInfo": "2020-08-25上映",
			"showst": 3,
			"snum": 334190,
			"star": "李鸿其,李一桐,范伟",
			"totalShowNum": 6,
			"ver": "2D/中国巨幕2D/CINITY 2D",
			"videoId": 397407,
			"videoName": "《我在时间尽头等你》曝隐藏童话版结局 李鸿其李一桐跨时空重逢HE?",
			"videourl": "https://vod.pipi.cn/fec9203cvodtransbj1251246104/01948d5c5285890806987832861/v.f42906.mp4",
			"vnum": 24,
			"vodPlay": false,
			"weight": 1,
			"wish": 642546,
			"wishst": 0
		}, {
			"bingeWatch": 0,
			"boxInfo": "上映2天，累计票房9728万",
			"cat": "科幻,动作,剧情",
			"civilPubSt": 0,
			"desc": "主演:约翰·大卫·华盛顿,罗伯特·帕丁森,伊丽莎白·德比茨基",
			"dir": "克里斯托弗·诺兰",
			"dur": 151,
			"effectShowNum": 0,
			"followst": 0,
			"fra": "美国,阿根廷,奥地利,比利时,保加利亚,加拿大,德国,丹麦,爱沙尼亚,西班牙,芬兰,法国,英国,希腊,中国香港,匈牙利,印度尼西亚,爱尔兰,以色列,印度,冰岛,荷兰,挪威,菲律宾,俄罗斯,沙特阿拉伯,瑞典,斯洛伐克,土耳其,中国台湾,澳大利亚,巴西,新加坡,立陶宛,墨西哥,意大利,日本",
			"frt": "2020-09-03,2020-08-12,2020-08-12,2020-08-12,2020-08-12,2020-08-12,2020-08-12,2020-08-12,2020-08-12,2020-08-12,2020-08-12,2020-08-12,2020-08-12,2020-08-12,2020-08-12,2020-08-12,2020-08-12,2020-08-12,2020-08-12,2020-08-12,2020-08-12,2020-08-12,2020-08-12,2020-08-12,2020-08-12,2020-08-12,2020-08-12,2020-08-12,2020-08-12,2020-08-12,2020-08-13,2020-08-13,2020-08-13,2020-08-14,2020-08-14,2020-08-26,2020-09-18",
			"globalReleased": true,
			"haspromotionTag": false,
			"headLineShow": false,
			"id": 1297973,
			"img": "http://p0.meituan.net/w.h/moviemachine/40d1e5ac176f1e9258da10a3222dbff7952117.png",
			"late": false,
			"localPubSt": 0,
			"mark": false,
			"mk": 8.6,
			"movieType": 0,
			"nm": "信条",
			"pn": 419,
			"preSale": 0,
			"preShow": false,
			"proScore": 0,
			"proScoreNum": 0,
			"pubDate": 1599148800000,
			"pubShowNum": 0,
			"recentShowDate": 1599235200000,
			"recentShowNum": 0,
			"revival": false,
			"rt": "2020-09-04",
			"sc": 8.6,
			"scm": "",
			"scoreLabel": "猫眼购票评分",
			"showCinemaNum": 1,
			"showInfo": "今天1家影院放映3场",
			"showNum": 3,
			"showTimeInfo": "2020-09-04 本周五上映",
			"showst": 3,
			"snum": 17020,
			"star": "约翰·大卫·华盛顿,罗伯特·帕丁森,伊丽莎白·德比茨基",
			"totalShowNum": 5,
			"ver": "2D/IMAX 2D/中国巨幕2D/CINITY 2D/杜比影院 2D",
			"videoId": 397501,
			"videoName": "《信条》上映，“诺兰式特工片”引爆全国银幕！",
			"videourl": "https://vod.pipi.cn/43903a81vodtransgzp1251246104/98723c5d5285890807201254501/v.f42906.mp4",
			"vnum": 31,
			"vodPlay": false,
			"weight": 1,
			"wish": 61210,
			"wishst": 0
		}, {
			"bingeWatch": 0,
			"boxInfo": "上映1天，累计票房1007万",
			"cat": "冒险,动画,喜剧",
			"civilPubSt": 0,
			"desc": "主演:杨进,周杭,丁莹莹",
			"dir": "朱葛",
			"dur": 80,
			"effectShowNum": 0,
			"followst": 0,
			"globalReleased": true,
			"haspromotionTag": false,
			"headLineShow": false,
			"id": 1299144,
			"img": "http://p1.meituan.net/w.h/movie/41d222686f37e7b6b312079e8a4651f22058796.jpg",
			"late": false,
			"localPubSt": 0,
			"mark": false,
			"mk": 0,
			"movieType": 0,
			"nm": "阿里巴巴与神灯",
			"pn": 32,
			"preSale": 0,
			"preShow": false,
			"proScore": 0,
			"proScoreNum": 0,
			"pubDate": 1599235200000,
			"pubShowNum": 0,
			"recentShowDate": 1599235200000,
			"recentShowNum": 0,
			"revival": false,
			"rt": "2020-09-05",
			"sc": 0,
			"scm": "",
			"scoreLabel": "暂无评分",
			"showCinemaNum": 1,
			"showInfo": "今天1家影院放映2场",
			"showNum": 2,
			"showTimeInfo": "2020-09-05 本周六上映",
			"showst": 3,
			"snum": 876,
			"star": "杨进,周杭,丁莹莹",
			"totalShowNum": 3,
			"ver": "2D/3D",
			"videoId": 397438,
			"videoName": "疯狂开学季！动画电影《阿里巴巴与神灯》曝光终极版预告",
			"videourl": "https://vod.pipi.cn/fec9203cvodtransbj1251246104/ce3c567c5285890807063044110/v.f42906.mp4",
			"vnum": 10,
			"vodPlay": false,
			"weight": 1,
			"wish": 9338,
			"wishst": 0
		}, {
			"bingeWatch": 0,
			"boxInfo": "上映12天，累计票房5165万",
			"cat": "剧情,爱情",
			"civilPubSt": 0,
			"desc": "主演:马思纯,钟楚曦,黄景瑜",
			"dir": "徐展雄",
			"dur": 112,
			"effectShowNum": 0,
			"followst": 0,
			"globalReleased": true,
			"haspromotionTag": false,
			"headLineShow": false,
			"id": 1218159,
			"img": "http://p0.meituan.net/w.h/movie/396a1e77ff4ef838a1c697ffbc71a8bb2730189.jpg",
			"late": false,
			"localPubSt": 0,
			"mark": false,
			"mk": 5.2,
			"movieType": 0,
			"nm": "荞麦疯长",
			"pn": 74,
			"preSale": 0,
			"preShow": false,
			"proScore": 0,
			"proScoreNum": 0,
			"pubDate": 1598284800000,
			"pubShowNum": 0,
			"recentShowDate": 1599235200000,
			"recentShowNum": 0,
			"revival": false,
			"rt": "2020-08-25",
			"sc": 5.2,
			"scm": "挣扎中寻求希冀，迷惘里探索梦想",
			"scoreLabel": "猫眼购票评分",
			"showCinemaNum": 1,
			"showInfo": "今天1家影院放映1场",
			"showNum": 1,
			"showTimeInfo": "2020-08-25上映",
			"showst": 3,
			"snum": 48601,
			"star": "马思纯,钟楚曦,黄景瑜",
			"totalShowNum": 2,
			"ver": "2D",
			"videoId": 396733,
			"videoName": "电影《荞麦疯长》终极预告丨七夕为爱赴一场疯狂之约",
			"videourl": "https://vod.pipi.cn/43903a81vodtransgzp1251246104/1fb07aa45285890806254563003/v.f42906.mp4",
			"vnum": 17,
			"vodPlay": false,
			"weight": 1,
			"wish": 140514,
			"wishst": 0
		}],
		"movieIds": [346210, 489894, 1297973, 1299144, 1218159],
		"stid": "576591972453269000",
		"stids": [{
			"movieId": 346210,
			"stid": "576591972453269000_a346210_c0"
		}, {
			"movieId": 489894,
			"stid": "576591972453269000_a489894_c1"
		}, {
			"movieId": 1297973,
			"stid": "576591972453269000_a1297973_c2"
		}, {
			"movieId": 1299144,
			"stid": "576591972453269000_a1299144_c3"
		}, {
			"movieId": 1218159,
			"stid": "576591972453269000_a1218159_c4"
		}],
		"total": 5
	}
}