{
	"status": 0,
	"message": "成功",
	"cityList": [{
		"cityId": 110100,
		"cityName": "北京"
	}, {
		"cityId": 120100,
		"cityName": "天津"
	}, {
		"cityId": 370200,
		"cityName": "青岛"
	}, {
		"cityId": 370100,
		"cityName": "济南"
	}, {
		"cityId": 210200,
		"cityName": "大连"
	}, {
		"cityId": 140100,
		"cityName": "太原"
	}, {
		"cityId": 130100,
		"cityName": "石家庄"
	}, {
		"cityId": 130300,
		"cityName": "秦皇岛"
	}, {
		"cityId": 370600,
		"cityName": "烟台"
	}, {
		"cityId": 150100,
		"cityName": "呼和浩特"
	}]
}