[{
    "subtitle": "热门城市",
    "subList": [{
        "title": "合肥",
        "href": "https://hf.meituan.com",
        "isHot": false
    }, {
        "title": "郑州",
        "href": "https://zz.meituan.com",
        "isHot": false
    }, {
        "title": "常州",
        "href": "https://cz.meituan.com",
        "isHot": false
    }, {
        "title": "大连",
        "href": "https://dl.meituan.com",
        "isHot": false
    }, {
        "title": "成都",
        "href": "https://cd.meituan.com",
        "isHot": false
    }, {
        "title": "无锡",
        "href": "https://wx.meituan.com",
        "isHot": false
    }, {
        "title": "天津",
        "href": "https://tj.meituan.com",
        "isHot": false
    }, {
        "title": "西安",
        "href": "https://xa.meituan.com",
        "isHot": false
    }, {
        "title": "福州",
        "href": "https://fz.meituan.com",
        "isHot": false
    }, {
        "title": "北京",
        "href": "https://bj.meituan.com",
        "isHot": false
    }, {
        "title": "深圳",
        "href": "https://sz.meituan.com",
        "isHot": false
    }, {
        "title": "上海",
        "href": "https://sh.meituan.com",
        "isHot": false
    }, {
        "title": "南京",
        "href": "https://nj.meituan.com",
        "isHot": false
    }, {
        "title": "温州",
        "href": "https://wz.meituan.com",
        "isHot": false
    }, {
        "title": "石家庄",
        "href": "https://sjz.meituan.com",
        "isHot": false
    }, {
        "title": "太原",
        "href": "https://ty.meituan.com",
        "isHot": false
    }, {
        "title": "厦门",
        "href": "https://xm.meituan.com",
        "isHot": false
    }, {
        "title": "济南",
        "href": "https://jn.meituan.com",
        "isHot": false
    }, {
        "title": "贵阳",
        "href": "https://gy.meituan.com",
        "isHot": false
    }, {
        "title": "广州",
        "href": "https://gz.meituan.com",
        "isHot": false
    }]
}, {
    "subtitle": "热门分类",
    "subList": [{
        "title": "酒店",
        "href": "//hotel.meituan.com",
        "isHot": true
    }, {
        "title": "美食",
        "href": "https://dachangzizhixian.meituan.com/meishi/",
        "isHot": false
    }, {
        "title": "休闲娱乐",
        "href": "https://dachangzizhixian.meituan.com/xiuxianyule/",
        "isHot": false
    }, {
        "title": "运动健身",
        "href": "https://dachangzizhixian.meituan.com/yundongjianshen/",
        "isHot": false
    }, {
        "title": "生活服务",
        "href": "https://dachangzizhixian.meituan.com/shenghuo/",
        "isHot": false
    }, {
        "title": "上门服务",
        "href": "https://dachangzizhixian.meituan.com/shangmenfuwu/",
        "isHot": false
    }, {
        "title": "购物",
        "href": "https://dachangzizhixian.meituan.com/wanggou/",
        "isHot": false
    }, {
        "title": "时尚购",
        "href": "https://dachangzizhixian.meituan.com/shishanggou/",
        "isHot": false
    }, {
        "title": "本地购物",
        "href": "https://dachangzizhixian.meituan.com/bendigouwu/",
        "isHot": false
    }, {
        "title": "结婚",
        "href": "https://dachangzizhixian.meituan.com/jiehun/",
        "isHot": false
    }, {
        "title": "摄影写真",
        "href": "https://dachangzizhixian.meituan.com/sheyingxiezhen/",
        "isHot": false
    }, {
        "title": "宴会",
        "href": "https://dachangzizhixian.meituan.com/yanhui/",
        "isHot": false
    }, {
        "title": "丽人",
        "href": "https://dachangzizhixian.meituan.com/jiankangliren/",
        "isHot": false
    }, {
        "title": "母婴亲子",
        "href": "https://dachangzizhixian.meituan.com/qinzi/",
        "isHot": false
    }, {
        "title": "学习培训",
        "href": "https://dachangzizhixian.meituan.com/xuexipeixun/",
        "isHot": false
    }, {
        "title": "家装",
        "href": "https://dachangzizhixian.meituan.com/jiazhuang/",
        "isHot": false
    }, {
        "title": "汽车服务",
        "href": "https://dachangzizhixian.meituan.com/aiche/",
        "isHot": false
    }, {
        "title": "医疗",
        "href": "https://dachangzizhixian.meituan.com/yiliao/",
        "isHot": false
    }, {
        "title": "宠物",
        "href": "https://dachangzizhixian.meituan.com/chongwu/",
        "isHot": false
    }]
}, {
    "subtitle": "周边热门",
    "subList": [{
        "title": "三河酒店",
        "href": "//hotel.meituan.com",
        "isHot": false
    }, {
        "title": "香河美食",
        "href": "https://xianghe.meituan.com/meishi",
        "isHot": false
    }, {
        "title": "香河休闲娱乐",
        "href": "https://xianghe.meituan.com/xiuxianyule",
        "isHot": false
    }, {
        "title": "廊坊运动健身",
        "href": "https://lf.meituan.com/yundongjianshen",
        "isHot": false
    }, {
        "title": "香河生活服务",
        "href": "https://xianghe.meituan.com/shenghuo",
        "isHot": false
    }, {
        "title": "香河上门服务",
        "href": "https://xianghe.meituan.com/shangmenfuwu",
        "isHot": false
    }, {
        "title": "廊坊购物",
        "href": "https://lf.meituan.com/wanggou",
        "isHot": false
    }, {
        "title": "廊坊时尚购",
        "href": "https://lf.meituan.com/shishanggou",
        "isHot": false
    }, {
        "title": "三河本地购物",
        "href": "https://sanhe.meituan.com/bendigouwu",
        "isHot": false
    }, {
        "title": "三河结婚",
        "href": "https://sanhe.meituan.com/jiehun",
        "isHot": false
    }, {
        "title": "三河摄影写真",
        "href": "https://sanhe.meituan.com/sheyingxiezhen",
        "isHot": false
    }, {
        "title": "廊坊宴会",
        "href": "https://lf.meituan.com/yanhui",
        "isHot": false
    }, {
        "title": "香河丽人",
        "href": "https://xianghe.meituan.com/jiankangliren",
        "isHot": false
    }, {
        "title": "香河母婴亲子",
        "href": "https://xianghe.meituan.com/qinzi",
        "isHot": false
    }, {
        "title": "廊坊学习培训",
        "href": "https://lf.meituan.com/xuexipeixun",
        "isHot": false
    }, {
        "title": "廊坊家装",
        "href": "https://lf.meituan.com/jiazhuang",
        "isHot": false
    }, {
        "title": "香河汽车服务",
        "href": "https://xianghe.meituan.com/aiche",
        "isHot": false
    }, {
        "title": "廊坊医疗",
        "href": "https://lf.meituan.com/yiliao",
        "isHot": false
    }, {
        "title": "三河宠物",
        "href": "https://sanhe.meituan.com/chongwu",
        "isHot": false
    }]
}]