[{
	"itemId": "158804316",
	"title": "钱涌羊蝎子（大厂店）",
	"imgUrl": "http://p0.meituan.net/w.h/mogu/e88d5b8a19615888b1f0a581005ac868107984.jpg",
	"score": "4.0",
	"consumeNum": null,
	"areaName": "大厂回族自治县中心城区",
	"lowPrice": "132.0",
	"saleNum": null,
	"commentNum": 9,
	"detailUrl": "",
	"firstCate": [1, 20632, 20426],
	"avgPrice": 68
}, {
	"itemId": "96334367",
	"title": "魏老香",
	"imgUrl": "http://p0.meituan.net/w.h/poi/c3c9d9935bad91628835243b48a885f2143524.png",
	"score": "4.0",
	"consumeNum": null,
	"areaName": "大厂回族自治县中心城区",
	"lowPrice": "118.0",
	"saleNum": null,
	"commentNum": 106,
	"detailUrl": "",
	"firstCate": [1, 20632, 20426, 20557],
	"avgPrice": 64
}, {
	"itemId": "100462911",
	"title": "小新来了披萨（英国宫店）",
	"imgUrl": "https://img.meituan.net/w.h/msmerchant/4e7af9041cc49d558806f765f09f995066515.jpg",
	"score": "3.5",
	"consumeNum": null,
	"areaName": "孔雀城英国宫",
	"lowPrice": "45.0",
	"saleNum": null,
	"commentNum": 0,
	"detailUrl": "",
	"firstCate": [1, 20632, 20426, 20557],
	"avgPrice": 46
}, {
	"itemId": "162879525",
	"title": "伊人阁美容养生工作室",
	"imgUrl": "https://p1.meituan.net/w.h/wedding/1e1c783954abc168e6f416a1a605dfc172986.jpg",
	"score": "4.8",
	"consumeNum": null,
	"areaName": "孔雀城英国宫",
	"lowPrice": "21.6",
	"saleNum": null,
	"commentNum": 104,
	"detailUrl": "",
	"firstCate": [20611, 22, 20426],
	"avgPrice": 0
}, {
	"itemId": "163298506",
	"title": "拿度尼汉堡",
	"imgUrl": "http://p0.meituan.net/w.h/deal/759755ed97f930fbdb4ad551b532bb7743395.jpg",
	"score": "3.9",
	"consumeNum": null,
	"areaName": "孔雀城英国宫",
	"lowPrice": "45.9",
	"saleNum": null,
	"commentNum": 113,
	"detailUrl": "",
	"firstCate": [1, 20426, 20557],
	"avgPrice": 20
}, {
	"itemId": "51678516",
	"title": "马记蛋糕（夏垫店）",
	"imgUrl": "http://p0.meituan.net/w.h/mogu/dca614ed0c785318aa1f9d8ea29f0f1d81245.jpg",
	"score": "4.3",
	"consumeNum": null,
	"areaName": "",
	"lowPrice": "0.9",
	"saleNum": null,
	"commentNum": 77,
	"detailUrl": "",
	"firstCate": [1, 20426, 20557],
	"avgPrice": 20
}, {
	"itemId": "164709184",
	"title": "爱辣啵啵鱼（大厂清真店）",
	"imgUrl": "https://img.meituan.net/w.h/msmerchant/069ad594f8cc119c5326237eaefaa06967989.jpg",
	"score": "4.5",
	"consumeNum": null,
	"areaName": "大厂回族自治县中心城区",
	"lowPrice": "32.0",
	"saleNum": null,
	"commentNum": 249,
	"detailUrl": "",
	"firstCate": [1, 20426, 20557],
	"avgPrice": 25
}, {
	"itemId": "161095600",
	"title": "大粥沫",
	"imgUrl": "http://p1.meituan.net/w.h/xianfu/e8e9293afbcc1ea5185f2cf63c4a15e846857.jpg",
	"score": "3.5",
	"consumeNum": null,
	"areaName": "大厂回族自治县中心城区",
	"lowPrice": "40.0",
	"saleNum": null,
	"commentNum": 0,
	"detailUrl": "",
	"firstCate": [1, 20426, 20557],
	"avgPrice": 30
}, {
	"itemId": "161847630",
	"title": "美华鑫美甲美睫",
	"imgUrl": "https://p0.meituan.net/w.h/wedding/d2bfe8ca9d228f9babc413f8cdf8173e157999.jpg",
	"score": "3.5",
	"consumeNum": null,
	"areaName": "孔雀城英国宫",
	"lowPrice": "68.0",
	"saleNum": null,
	"commentNum": 1,
	"detailUrl": "",
	"firstCate": [20611, 22, 20630, 20426],
	"avgPrice": 0
}, {
	"itemId": "165821059",
	"title": "克丽缇娜专业美妍护肤",
	"imgUrl": "http://p1.meituan.net/w.h/merchantpic/b44046a0cad761ac6ea06d8c10556780267290.jpg",
	"score": "4.0",
	"consumeNum": null,
	"areaName": "孔雀城英国宫",
	"lowPrice": "68.0",
	"saleNum": null,
	"commentNum": 8,
	"detailUrl": "",
	"firstCate": [20611, 22, 20426],
	"avgPrice": 0
}, {
	"itemId": "84618301",
	"title": "旭日康盲人按摩所",
	"imgUrl": "http://p1.meituan.net/w.h/poi/4a0394fd1e4a361373727ba919b73e35112640.jpg",
	"score": "4.0",
	"consumeNum": null,
	"areaName": "大厂回族自治县中心城区",
	"lowPrice": "71.8",
	"saleNum": null,
	"commentNum": 39,
	"detailUrl": "",
	"firstCate": [2, 3, 20611, 20426],
	"avgPrice": 0
}, {
	"itemId": "119701465",
	"title": "英伦时光面包烘焙坊",
	"imgUrl": "https://img.meituan.net/w.h/msmerchant/cb5fdc455718d15b92bfe7cc0f8b1c85435511.jpg",
	"score": "4.4",
	"consumeNum": null,
	"areaName": "孔雀城英国宫",
	"lowPrice": "14.8",
	"saleNum": null,
	"commentNum": 13,
	"detailUrl": "",
	"firstCate": [1, 20426, 20557],
	"avgPrice": 42
}, {
	"itemId": "165370598",
	"title": "北京阳坊胜利涮羊肉（大厂店）",
	"imgUrl": "https://img.meituan.net/w.h/msmerchant/ebcc5ce9a6ce9dbd558a321719305601112065.jpg",
	"score": "4.1",
	"consumeNum": null,
	"areaName": "孔雀城英国宫",
	"lowPrice": "109.0",
	"saleNum": null,
	"commentNum": 20,
	"detailUrl": "",
	"firstCate": [1, 20632, 20426],
	"avgPrice": 66
}, {
	"itemId": "164183126",
	"title": "福华洗浴桑拿商务会馆",
	"imgUrl": "https://p1.meituan.net/w.h/dpmerchantpic/fbbdde906b5a64b5f8985de68a84c1de156397.jpg",
	"score": "3.0",
	"consumeNum": null,
	"areaName": "",
	"lowPrice": "28.0",
	"saleNum": null,
	"commentNum": 123,
	"detailUrl": "",
	"firstCate": [2, 3, 20611, 20426],
	"avgPrice": 0
}, {
	"itemId": "112197867",
	"title": "纽罗宾蛋糕店（大厂店）",
	"imgUrl": "http://p1.meituan.net/w.h/waimaipoi/72a64fb40df7a027ef1d30bf1e7dc086106026.jpg",
	"score": "3.5",
	"consumeNum": null,
	"areaName": "大厂回族自治县中心城区",
	"lowPrice": "0.9",
	"saleNum": null,
	"commentNum": 12,
	"detailUrl": "",
	"firstCate": [1, 20426, 20557],
	"avgPrice": 35
}]