{
	"data": {
		"coming": [{
			"bingeWatch": 0,
			"boxInfo": "喵，即将上映",
			"cat": "冒险,动画,喜剧",
			"civilPubSt": 0,
			"comingTitle": "9月5日 周六",
			"desc": "主演:杨进,周杭,丁莹莹",
			"dir": "朱葛",
			"dur": 80,
			"effectShowNum": 0,
			"followst": 0,
			"globalReleased": false,
			"haspromotionTag": false,
			"headLineShow": false,
			"headLinesVO": [],
			"id": 1299144,
			"img": "http://p1.meituan.net/w.h/movie/41d222686f37e7b6b312079e8a4651f22058796.jpg",
			"late": false,
			"localPubSt": 0,
			"mark": false,
			"mk": 0,
			"movieType": 0,
			"nm": "阿里巴巴与神灯",
			"pn": 32,
			"preShow": false,
			"proScore": 0,
			"proScoreNum": 0,
			"pubDate": 1599235200000,
			"pubDesc": "2020-09-05中国大陆上映",
			"pubShowNum": 0,
			"recentShowDate": 0,
			"recentShowNum": 0,
			"revival": false,
			"rt": "2020-09-05",
			"sc": 0,
			"scm": "",
			"scoreLabel": "暂无评分",
			"showCinemaNum": 0,
			"showInfo": "2020-09-05 本周六上映",
			"showNum": 0,
			"showst": 4,
			"snum": 810,
			"star": "杨进,周杭,丁莹莹",
			"ver": "2D/3D",
			"videoId": 397438,
			"videoName": "疯狂开学季！动画电影《阿里巴巴与神灯》曝光终极版预告",
			"videourl": "https://vod.pipi.cn/fec9203cvodtransbj1251246104/ce3c567c5285890807063044110/v.f42906.mp4",
			"vnum": 10,
			"vodPlay": false,
			"weight": 1,
			"wish": 8851,
			"wishst": 0
		}, {
			"bingeWatch": 0,
			"boxInfo": "喵，即将上映",
			"cat": "剧情",
			"civilPubSt": 0,
			"comingTitle": "9月5日 周六",
			"desc": "主演:万斯佳,李凤鸣,李嘉明",
			"dir": "赵友",
			"dur": 99,
			"effectShowNum": 0,
			"followst": 0,
			"globalReleased": false,
			"haspromotionTag": false,
			"headLineShow": false,
			"headLinesVO": [],
			"id": 1283507,
			"img": "http://p0.meituan.net/w.h/moviemachine/5d83f339e42875108a2c0f39580c8fdb118115.jpg",
			"late": false,
			"localPubSt": 0,
			"mark": false,
			"mk": 0,
			"movieType": 0,
			"nm": "半条被子",
			"pn": 17,
			"preShow": false,
			"proScore": 0,
			"proScoreNum": 0,
			"pubDate": 1599235200000,
			"pubDesc": "2020-09-05中国大陆上映",
			"pubShowNum": 0,
			"recentShowDate": 0,
			"recentShowNum": 0,
			"revival": false,
			"rt": "2020-09-05",
			"sc": 0,
			"scm": "",
			"scoreLabel": "暂无评分",
			"showCinemaNum": 0,
			"showNum": 0,
			"showst": 1,
			"snum": 106,
			"star": "万斯佳,李凤鸣,李嘉明",
			"ver": "2D",
			"videoId": 387953,
			"videoName": "60秒预告片",
			"videourl": "https://vod.pipi.cn/fe5b84bcvodcq1251246104/662ed1c25285890797348866554/f0.mp4",
			"vnum": 2,
			"vodPlay": false,
			"weight": 1,
			"wish": 1271,
			"wishst": 0
		}, {
			"bingeWatch": 0,
			"boxInfo": "喵，即将上映",
			"cat": "剧情",
			"civilPubSt": 0,
			"comingTitle": "9月8日 周二",
			"desc": "主演:马元,王嘉",
			"dir": "王晓虎",
			"dur": 88,
			"effectShowNum": 0,
			"followst": 0,
			"globalReleased": false,
			"haspromotionTag": false,
			"headLineShow": false,
			"headLinesVO": [],
			"id": 1204228,
			"img": "http://p0.meituan.net/w.h/movie/b9e5cf4fcdf5247919476b35eab43f1d1216929.jpg",
			"late": false,
			"localPubSt": 0,
			"mark": false,
			"mk": 0,
			"movieType": 0,
			"nm": "你是最美",
			"pn": 23,
			"preShow": false,
			"proScore": 0,
			"proScoreNum": 0,
			"pubDate": 1599494400000,
			"pubDesc": "2020-09-08中国大陆上映",
			"pubShowNum": 0,
			"recentShowDate": 0,
			"recentShowNum": 0,
			"revival": false,
			"rt": "2020-09-08",
			"sc": 0,
			"scm": "",
			"scoreLabel": "暂无评分",
			"showCinemaNum": 0,
			"showNum": 0,
			"showst": 1,
			"snum": 17,
			"star": "马元,王嘉",
			"ver": "2D",
			"videoId": 397089,
			"videoName": "预告片",
			"videourl": "https://vod.pipi.cn/fec9203cvodtransbj1251246104/e7ef6cb75285890806552776294/v.f42906.mp4",
			"vnum": 1,
			"vodPlay": false,
			"weight": 1,
			"wish": 132,
			"wishst": 0
		}, {
			"bingeWatch": 0,
			"boxInfo": "喵，即将上映",
			"cat": "惊悚,悬疑",
			"civilPubSt": 0,
			"comingTitle": "9月10日 周四",
			"desc": "主演:罗伯托·埃斯科巴,玛丽亚·加维拉,克里斯蒂娜·莉莉",
			"dir": "耶西德·莱奥内",
			"dur": 102,
			"effectShowNum": 0,
			"followst": 0,
			"fra": "哥伦比亚,哥伦比亚",
			"frt": "2019-09-19,2019-09-19",
			"globalReleased": false,
			"haspromotionTag": false,
			"headLineShow": false,
			"headLinesVO": [],
			"id": 1307132,
			"img": "http://p0.meituan.net/w.h/movie/4ac79d270ca721faf5dd366ba996f46a832427.jpg",
			"late": false,
			"localPubSt": 0,
			"mark": false,
			"mk": 0,
			"movieType": 0,
			"nm": "未知嫌疑人",
			"pn": 21,
			"preShow": false,
			"proScore": 0,
			"proScoreNum": 0,
			"pubDate": 1599667200000,
			"pubDesc": "2020-09-10中国大陆上映",
			"pubShowNum": 0,
			"recentShowDate": 0,
			"recentShowNum": 0,
			"revival": false,
			"rt": "2020-09-10",
			"sc": 0,
			"scm": "",
			"scoreLabel": "暂无评分",
			"showCinemaNum": 0,
			"showNum": 0,
			"showst": 1,
			"snum": 19,
			"star": "罗伯托·埃斯科巴,玛丽亚·加维拉,克里斯蒂娜·莉莉",
			"ver": "2D",
			"videoId": 397334,
			"videoName": "《未知嫌疑人》先导预告加长版",
			"videourl": "https://vod.pipi.cn/fec9203cvodtransbj1251246104/0c986b815285890806899574852/v.f42906.mp4",
			"vnum": 2,
			"vodPlay": false,
			"weight": 1,
			"wish": 1550,
			"wishst": 0
		}, {
			"bingeWatch": 0,
			"boxInfo": "喵，即将上映",
			"cat": "动画",
			"civilPubSt": 0,
			"comingTitle": "9月10日 周四",
			"dir": "",
			"dur": 83,
			"effectShowNum": 0,
			"followst": 0,
			"globalReleased": false,
			"haspromotionTag": false,
			"headLineShow": false,
			"headLinesVO": [],
			"id": 1337937,
			"img": "http://p0.meituan.net/w.h/moviemachine/464ea0b89ea8265c2b18c4c3ebe5f8274585629.jpg",
			"late": false,
			"localPubSt": 0,
			"mark": false,
			"mk": 0,
			"movieType": 0,
			"nm": "新愚公移山",
			"pn": 24,
			"preShow": false,
			"proScore": 0,
			"proScoreNum": 0,
			"pubDate": 1599667200000,
			"pubDesc": "2020-09-10中国大陆上映",
			"pubShowNum": 0,
			"recentShowDate": 0,
			"recentShowNum": 0,
			"revival": false,
			"rt": "2020-09-10",
			"sc": 0,
			"scm": "",
			"scoreLabel": "暂无评分",
			"showCinemaNum": 0,
			"showNum": 0,
			"showst": 1,
			"snum": 55,
			"ver": "2D",
			"videoId": 397287,
			"videoName": "电影《新愚公移山》曝定档预告 民族精神代代相承",
			"videourl": "https://vod.pipi.cn/fec9203cvodtransbj1251246104/1e9e8d945285890806760588334/v.f42906.mp4",
			"vnum": 3,
			"vodPlay": false,
			"weight": 1,
			"wish": 1284,
			"wishst": 0
		}, {
			"bingeWatch": 0,
			"boxInfo": "喵，即将上映",
			"cat": "青春,运动,剧情",
			"civilPubSt": 0,
			"comingTitle": "9月10日 周四",
			"desc": "主演:王佳敏,郭广平",
			"dir": "张兆宇",
			"dur": 89,
			"effectShowNum": 0,
			"followst": 0,
			"globalReleased": false,
			"haspromotionTag": false,
			"headLineShow": false,
			"headLinesVO": [],
			"id": 1359278,
			"img": "http://p0.meituan.net/w.h/moviemachine/1e1974968c469a31df289b7cb939d0c01253315.png",
			"late": false,
			"localPubSt": 0,
			"mark": false,
			"mk": 0,
			"movieType": 0,
			"nm": "骄傲的少年",
			"pn": 0,
			"preShow": false,
			"proScore": 0,
			"proScoreNum": 0,
			"pubDate": 1599667200000,
			"pubDesc": "2020-09-10中国大陆上映",
			"pubShowNum": 0,
			"recentShowDate": 0,
			"recentShowNum": 0,
			"revival": false,
			"rt": "2020-09-10",
			"sc": 0,
			"scm": "",
			"scoreLabel": "暂无评分",
			"showCinemaNum": 0,
			"showNum": 0,
			"showst": 1,
			"snum": 17,
			"star": "王佳敏,郭广平",
			"ver": "2D",
			"videoId": 0,
			"vnum": 0,
			"vodPlay": false,
			"weight": 1,
			"wish": 240,
			"wishst": 0
		}, {
			"bingeWatch": 0,
			"boxInfo": "喵，即将上映",
			"cat": "剧情,冒险",
			"civilPubSt": 0,
			"comingTitle": "9月11日 周五",
			"desc": "主演:刘亦菲,甄子丹,杰森·斯考特·李",
			"dir": "妮琪·卡罗",
			"dur": 115,
			"effectShowNum": 0,
			"followst": 0,
			"fra": "美国,中国台湾,日本,泰国",
			"frt": "2020-09-04,2020-08-21,2020-09-04,2020-09-04",
			"globalReleased": false,
			"haspromotionTag": false,
			"headLineShow": false,
			"headLinesVO": [],
			"id": 1210778,
			"img": "http://p1.meituan.net/w.h/moviemachine/ca9d0c0268a940d73d62c004d57b957a5241814.jpg",
			"late": false,
			"localPubSt": 0,
			"mark": false,
			"mk": 0,
			"movieType": 0,
			"nm": "花木兰",
			"pn": 261,
			"preShow": false,
			"proScore": 0,
			"proScoreNum": 0,
			"pubDate": 1599753600000,
			"pubDesc": "2020-09-11中国大陆上映",
			"pubShowNum": 0,
			"recentShowDate": 0,
			"recentShowNum": 0,
			"revival": false,
			"rt": "2020-09-11",
			"sc": 0,
			"scm": "",
			"scoreLabel": "暂无评分",
			"showCinemaNum": 0,
			"showNum": 0,
			"showst": 1,
			"snum": 2740,
			"star": "刘亦菲,甄子丹,杰森·斯考特·李",
			"ver": "2D/3D/IMAX 3D/中国巨幕2D/CINITY 2D/杜比影院 2D",
			"videoId": 397463,
			"videoName": "迪士尼《花木兰》定档9月11日！群星云集，全新演绎不朽传奇",
			"videourl": "https://vod.pipi.cn/fec9203cvodtransbj1251246104/3c7f4c8d5285890807132525747/v.f42906.mp4",
			"vnum": 17,
			"vodPlay": false,
			"weight": 1,
			"wish": 101127,
			"wishst": 0
		}, {
			"bingeWatch": 0,
			"boxInfo": "喵，即将上映",
			"cat": "喜剧,爱情",
			"civilPubSt": 0,
			"comingTitle": "9月11日 周五",
			"desc": "主演:平野紫耀,桥本环奈,佐野勇斗",
			"dir": "河合勇人",
			"dur": 113,
			"effectShowNum": 0,
			"followst": 0,
			"fra": "日本",
			"frt": "2019-09-06",
			"globalReleased": false,
			"haspromotionTag": false,
			"headLineShow": false,
			"headLinesVO": [],
			"id": 1262682,
			"img": "http://p0.meituan.net/w.h/movie/e9472f71bfde600cbdcfd87b714f96021574748.jpg",
			"late": false,
			"localPubSt": 0,
			"mark": false,
			"mk": 0,
			"movieType": 0,
			"nm": "辉夜大小姐想让我告白",
			"pn": 91,
			"preShow": false,
			"proScore": 0,
			"proScoreNum": 0,
			"pubDate": 1599753600000,
			"pubDesc": "2020-09-11中国大陆上映",
			"pubShowNum": 0,
			"recentShowDate": 0,
			"recentShowNum": 0,
			"revival": false,
			"rt": "2020-09-11",
			"sc": 0,
			"scm": "",
			"scoreLabel": "暂无评分",
			"showCinemaNum": 0,
			"showNum": 0,
			"showst": 1,
			"snum": 391,
			"star": "平野紫耀,桥本环奈,佐野勇斗",
			"ver": "2D",
			"videoId": 397356,
			"videoName": "《辉夜大小姐想让我告白》内地定档9月11日 高糖恋爱拉开帷幕",
			"videourl": "https://vod.pipi.cn/d5457264vodtranscq1251246104/0216f3195285890806929193268/v.f42906.mp4",
			"vnum": 2,
			"vodPlay": false,
			"weight": 1,
			"wish": 11758,
			"wishst": 0
		}, {
			"bingeWatch": 0,
			"boxInfo": "喵，即将上映",
			"cat": "爱情,喜剧",
			"civilPubSt": 0,
			"comingTitle": "9月11日 周五",
			"desc": "主演:辛芷蕾,包贝尔,魏翔",
			"dir": "王韦程",
			"dur": 111,
			"effectShowNum": 0,
			"followst": 0,
			"globalReleased": false,
			"haspromotionTag": false,
			"headLineShow": false,
			"headLinesVO": [],
			"id": 1297911,
			"img": "http://p0.meituan.net/w.h/moviemachine/94700ee3718b3c8eff9dd69676bdbaa31034312.jpg",
			"late": false,
			"localPubSt": 0,
			"mark": false,
			"mk": 0,
			"movieType": 0,
			"nm": "我的女友是机器人",
			"pn": 27,
			"preShow": false,
			"proScore": 0,
			"proScoreNum": 0,
			"pubDate": 1599753600000,
			"pubDesc": "2020-09-11中国大陆上映",
			"pubShowNum": 0,
			"recentShowDate": 0,
			"recentShowNum": 0,
			"revival": false,
			"rt": "2020-09-11",
			"sc": 0,
			"scm": "",
			"scoreLabel": "暂无评分",
			"showCinemaNum": 0,
			"showNum": 0,
			"showst": 1,
			"snum": 261,
			"star": "辛芷蕾,包贝尔,魏翔",
			"ver": "2D",
			"videoId": 397502,
			"videoName": "“乘风破浪的姐姐”郁可唯献唱电影《我的女友是机器人》 2020年首部喜剧周六日开启超前点映",
			"videourl": "https://vod.pipi.cn/fec9203cvodtransbj1251246104/7fae9d4f5285890807167405663/v.f42906.mp4",
			"vnum": 4,
			"vodPlay": false,
			"weight": 1,
			"wish": 9921,
			"wishst": 0
		}, {
			"bingeWatch": 0,
			"boxInfo": "喵，即将上映",
			"cat": "动作,惊悚,犯罪",
			"civilPubSt": 0,
			"comingTitle": "9月11日 周五",
			"desc": "主演:让·雷诺,莎拉·林德,乔·安德森",
			"dir": "弗雷德里克·帕蒂让",
			"dur": 92,
			"effectShowNum": 0,
			"followst": 0,
			"fra": "法国,美国,加拿大,科威特,黎巴嫩,德国,沙特阿拉伯,乌克兰,巴西,日本",
			"frt": "2019-05-15,2019-07-05,2019-08-06,2019-09-26,2019-09-26,,2019-10-03,2019-10-17,2020-01-01,2020-01-24",
			"ftime": ",,,,,2019-10,,,,",
			"globalReleased": false,
			"haspromotionTag": false,
			"headLineShow": false,
			"headLinesVO": [],
			"id": 1215767,
			"img": "http://p1.meituan.net/w.h/movie/b0654df11ac071d81a29c43f890813192972180.jpg",
			"late": false,
			"localPubSt": 0,
			"mark": false,
			"mk": 0,
			"movieType": 0,
			"nm": "极寒风暴",
			"pn": 10,
			"preShow": false,
			"proScore": 0,
			"proScoreNum": 0,
			"pubDate": 1599753600000,
			"pubDesc": "2020-09-11中国大陆上映",
			"pubShowNum": 0,
			"recentShowDate": 0,
			"recentShowNum": 0,
			"revival": false,
			"rt": "2020-09-11",
			"sc": 0,
			"scm": "",
			"scoreLabel": "暂无评分",
			"showCinemaNum": 0,
			"showNum": 0,
			"showst": 1,
			"snum": 38,
			"star": "让·雷诺,莎拉·林德,乔·安德森",
			"ver": "2D",
			"videoId": 397439,
			"videoName": "电影《极寒风暴》首曝预告 让·雷诺银幕再饰杀手引万众期待",
			"videourl": "https://vod.pipi.cn/fec9203cvodtransbj1251246104/e11aeed85285890807063872957/v.f42906.mp4",
			"vnum": 1,
			"vodPlay": false,
			"weight": 1,
			"wish": 1515,
			"wishst": 0
		}],
		"hot": [],
		"movieIds": [1299144, 1283507, 1204228, 1307132, 1337937, 1359278, 1210778, 1262682, 1297911, 1215767, 1356761, 1298964, 345544, 1322125, 1346491, 1354792, 1219866, 1277457, 1283967, 1207303, 1247287, 1263312, 1277102, 1301196, 1346494, 1217123, 1216053, 1211269, 1328712, 1298859, 1302281, 1331267, 1332663, 1352833, 1298732, 1359418, 1277751, 1222268, 1338984, 1218142, 1334342, 1300668, 1244901, 1048268, 1197077, 1336183, 1212627, 1220824, 1217023, 461076, 248585, 344450, 1298938, 1199007, 1299124, 1241850, 342178, 1213079, 1233316, 1241385, 1286060, 1283276, 1212559, 1236599, 1298349, 346288, 1218188, 1219410, 1286015, 1284360, 1190383, 1250661, 1229298, 1292570, 1217249, 342325, 1215685, 341370, 195, 248940, 1229577, 1259189, 1278598, 1223030, 247863, 1280270, 1292606, 1247810, 346190, 1229576, 1208645, 1301774, 1250950, 344160, 346306, 1294417, 1212538, 246040, 2212, 1132856, 343360, 1318812, 1204092, 665702, 1229373, 345644, 1300027, 1298030, 248908, 1292500, 1291077, 1229661, 1208258, 1208921, 1207371, 1215749],
		"stid": "110189035512576"
	}
}